Papel;Segmento;Cotacao;FFO_Yield;Dividend_Yield;PVP;Valor_de_Mercado;Liquidez;Qtd_de_Imoveis;Preco_m2;Aluguel_m2;Cap_Rate;Vacancia_Media
AAZQ11;Outros;7.99;0.1311;0.0702;0.92;192058000.0;679849.0;0;0.0;0.0;0.0;0.0
ABCP11;Shoppings;79.8;0.0956;0.0969;0.72;375785000.0;71903.0;1;5242.97;634.43;0.121;0.012199999999999999
AEFI11;Outros;174.9;0.0855;0.0;1.75;411893000.0;0.0;0;0.0;0.0;0.0;0.0
AERO11;Logística;100.01;0.0;0.0;1.01;62732400.0;470210.0;0;0.0;0.0;0.0;0.0
AFCR11;Multicategoria;103.15;0.1261;0.0;1.07;498867000.0;0.0;0;0.0;0.0;0.0;0.0
AFHF11;Outros;10.0;0.0742;0.1011;0.98;50000000.0;156445.0;0;0.0;0.0;0.0;0.0
AFHI11;Multicategoria;95.3;0.115;0.12539999999999998;1.0;456410000.0;833091.0;0;0.0;0.0;0.0;0.0
AFOF11;Títulos e Val. Mob.;91.6;0.008199999999999999;0.0;12.28;1390540000.0;0.0;0;0.0;0.0;0.0;0.0
AGCX11;Varejo;1235.5;0.0053;0.0;11.57;19291500000.0;0.0;82;63941.3;468.9;0.0073;0.038599999999999995
AGRX11;Outros;8.93;0.0771;0.0707;0.85;159875000.0;311635.0;0;0.0;0.0;0.0;0.0
AIEC11;Escritórios;59.75;0.0611;0.06709999999999999;0.78;288293000.0;705485.0;2;11361.7;906.47;0.07980000000000001;0.0
AJFI11;Shoppings;8.3;0.08460000000000001;0.0779;0.74;262496000.0;321846.0;12;594.16;58.86;0.09910000000000001;0.033
ALMI11;Escritórios;698.99;0.0663;0.0637;0.34;77711600.0;12644.0;1;1692.7;229.74;0.13570000000000002;0.46799999999999997
ALZC11;Outros;7.96;0.1208;0.1613;0.87;157142000.0;351202.0;0;0.0;0.0;0.0;0.0
ALZM11;Títulos e Val. Mob.;6.4;0.1176;0.0;0.86;97155500.0;0.0;0;0.0;0.0;0.0;0.0
ALZR11;Multicategoria;10.75;0.092;0.0926;1.01;1314360000.0;2359860.0;23;3462.3;291.22;0.08410000000000001;0.1125
ALZT11;Títulos e Val. Mob.;33.0;0.1552;0.0;0.79;16500000.0;0.0;0;0.0;0.0;0.0;0.0
ANCR11;Shoppings;492.3;0.016;0.0029;4.08;17091500000.0;2605.0;10;38735.6;970.07;0.025;0.041299999999999996
APTO11;Residencial;8.42;0.128;0.1252;0.86;38835000.0;33991.0;3;16396.1;1112.22;0.0678;0.0
APXM11;Shoppings;72.75;0.053200000000000004;0.059800000000000006;0.57;205820000.0;626354.0;1;1140.01;161.31;0.14150000000000001;1.0
ARCT11;Multicategoria;87.13;-0.6077;0.0;0.86;368999000.0;0.0;12;1100.84;99.19;0.0901;0.0
AROA11;Multicategoria;1.13;0.0713;0.0735;1.19;189757000.0;5282.0;6;1404.2;112.02;0.07980000000000001;0.0
ARRI11;Multicategoria;6.79;0.1082;0.15689999999999998;0.81;140736000.0;261712.0;0;0.0;0.0;0.0;0.0
ARXD11;Multicategoria;7.9;0.14980000000000002;0.1387;0.87;69743500.0;70331.0;0;0.0;0.0;0.0;0.0
ASMT11;Outros;4.1;0.06269999999999999;0.0;0.41;70113800.0;518.0;3;4554.15;766.71;0.1684;0.0
ASRF11;Multicategoria;10974.0;-0.0108;0.0;1.03;43896000.0;8505.0;2;6826.24;0.0;0.0;0.0
ATSA11;Shoppings;67.35;0.0555;0.039900000000000005;0.91;117939000.0;607.0;1;3436.32;206.18;0.06;0.1668
AURB11;Logística;76.21;0.0594;0.036699999999999997;0.94;82747300.0;225000.0;2;2040.06;170.78;0.0837;0.0
AZPL11;Logística;7.65;0.0723;0.1241;0.89;320709000.0;810665.0;1;1529.99;132.78;0.0868;0.0
BARI11;Outros;79.2;0.1379;0.0722;1.01;367028000.0;0.0;1;0.0;0.0;0.0;0.0
BBFI11;Escritórios;629.0;-0.054299999999999994;0.9906;18.55;81770000.0;0.0;0;0.0;0.0;0.0;0.0
BBFO11;Multicategoria;72.0;0.1494;0.12390000000000001;0.93;288281000.0;627240.0;0;0.0;0.0;0.0;0.0
BBGO11;Outros;77.01;0.1938;0.0889;0.83;308438000.0;530460.0;0;0.0;0.0;0.0;0.0
BBIG11;Shoppings;7.0;0.1635;0.1359;0.72;693847000.0;1377570.0;3;9705.81;738.66;0.0761;0.016
BBPO11;Escritórios;96.75;0.1042;0.0;0.95;1540230000.0;0.0;61;3690.03;479.56;0.13;0.0144
BBRC11;Outros;104.01;0.1134;0.1292;0.99;165376000.0;117772.0;21;9685.82;1304.2;0.13470000000000001;0.1253
BBVJ11;Escritórios;62.99;0.0223;0.0;0.86;197789000.0;0.0;1;10225.3;570.89;0.0558;0.43700000000000006
BCFF11;Títulos e Val. Mob.;7.35;0.0806;0.0;0.84;1480960000.0;0.0;0;0.0;0.0;0.0;0.0
BCIA11;Multicategoria;94.49;0.1164;0.1168;0.9;351412000.0;578179.0;0;0.0;0.0;0.0;0.0
BCRI11;Outros;63.6;0.1402;0.1553;0.75;398001000.0;653786.0;0;0.0;0.0;0.0;0.0
BFCC11;Escritórios;102.06;0.0487;0.013000000000000001;1.04;847547000.0;8.0;1;26058.3;1823.67;0.07;0.0
BGRB11;Escritórios;115.1;0.0482;0.0516;0.97;222481000.0;14047.0;1;45220.1;2916.01;0.0645;0.0285
BICE11;Outros;888.0;0.0528;0.0529;0.8;118472000.0;44.0;0;0.0;0.0;0.0;0.0
BICR11;Títulos e Val. Mob.;35.92;0.1426;0.0642;0.86;17960000.0;0.0;0;0.0;0.0;0.0;0.0
BIME11;Outros;6.55;0.1014;0.1447;0.77;38288700.0;51978.0;1;266.25;0.0;0.0;0.0
BIPD11;Outros;989.33;-0.0241;0.0681;1.03;109261000.0;0.0;2;7997.96;0.0;0.0;0.0
BLCA11;Escritórios;93.95;0.0673;0.0675;0.73;150320000.0;109176.0;1;35463.9;3084.95;0.087;0.0
BLCP11;Logística;91.0;0.0541;0.0;0.81;208962000.0;0.0;2;3014.16;199.89;0.0663;0.0
BLMC11;Títulos e Val. Mob.;85.75;0.111;0.0;0.91;34257100.0;0.0;0;0.0;0.0;0.0;0.0
BLMG11;Multicategoria;34.51;0.1174;0.1276;0.74;161319000.0;265910.0;1;2520.05;317.61;0.126;0.0
BLMO11;Escritórios;85.0;0.07200000000000001;0.0753;0.86;84559200.0;346001.0;1;10261.3;965.29;0.0941;0.0
BLMR11;Títulos e Val. Mob.;6.78;0.1017;0.0;0.84;173172000.0;0.0;0;0.0;0.0;0.0;0.0
BLOG11;Multicategoria;8.49;0.0404;0.034;0.75;261464000.0;169.0;6;2035.3;145.71;0.0716;0.128
BLUR11;Títulos e Val. Mob.;76.03;0.10060000000000001;0.0196;0.99;6842700.0;0.0;0;0.0;0.0;0.0;0.0
BMLC11;Outros;102.2;0.0812;0.0819;0.9;102037000.0;10881.0;1;16468.8;1519.94;0.09230000000000001;0.0
BNFS11;Varejo;66.48;0.17620000000000002;0.158;0.95;46536000.0;80404.0;18;4190.17;886.22;0.2115;0.0044
BPFF11;Outros;54.52;0.16269999999999998;0.0874;0.78;244922000.0;0.0;0;0.0;0.0;0.0;0.0
BPML11;Multicategoria;99.99;0.09449999999999999;0.11320000000000001;0.81;744100000.0;3677530.0;4;5608.32;731.14;0.1304;0.0823
BPRP11;Outros;107.5;0.1056;0.0;0.86;145107000.0;0.0;1;6230.68;692.07;0.11109999999999999;0.0
BRCO11;Logística;121.1;0.0625;0.0874;1.04;2182380000.0;5498080.0;12;4859.04;338.24;0.0696;0.0759
BRCR11;Multicategoria;47.92;0.10890000000000001;0.1033;0.56;1276500000.0;2617730.0;6;5104.47;699.38;0.13699999999999998;0.0322
BREV11;Híbrido;105.0;0.0659;0.0;0.0;101556000.0;0.0;13;0.0;1437.55;0.0;0.0
BRIM11;Residencial;270.0;-0.0555;0.0;3.09;33517000.0;21533.0;0;0.0;0.0;0.0;0.0
BRIP11;Multicategoria;444.99;-0.0764;0.0643;0.8;95884200.0;8602.0;0;0.0;0.0;0.0;0.0
BRLA11;Logística;148.0;0.07730000000000001;0.0533;0.89;724795000.0;0.0;10;1083.6;86.3;0.0796;0.0
BROF11;Multicategoria;62.5;0.1085;0.10289999999999999;0.57;725676000.0;471373.0;1;8191.75;1203.95;0.147;0.0964
BTAL11;Logística;92.07;0.1235;0.10640000000000001;0.79;550831000.0;768699.0;9;1502.54;186.41;0.1241;0.0
BTCI11;Outros;9.27;0.1284;0.124;0.92;922561000.0;2788640.0;0;0.0;0.0;0.0;0.0
BTCR11;Títulos e Val. Mob.;88.0;0.12480000000000001;0.0;0.92;423289000.0;0.0;0;0.0;0.0;0.0;0.0
BTHF11;Outros;9.41;0.1159;0.1193;0.93;1937020000.0;4869410.0;0;0.0;0.0;0.0;0.0
BTHI11;Hotel;43.4;0.10779999999999999;0.1045;0.67;400083000.0;59642.0;14;7968.32;851.6;0.1069;0.0
BTLG11;Multicategoria;102.94;0.0745;0.0909;1.0;5487770000.0;15473000.0;30;3603.59;259.6;0.07200000000000001;0.0302
BTML11;Shoppings;111.28;0.1005;0.113;0.87;126206000.0;0.0;2;22543.7;2388.55;0.106;0.09699999999999999
BTRA11;Outros;68.95;0.0908;0.0699;0.61;231986000.0;283459.0;5;1.6;0.16;0.0989;0.0576
BTSG11;Logística;146.92;0.08;0.0808;0.94;113865000.0;0.0;1;6039.2;523.02;0.0866;0.0
BTSI11;Outros;109.59;0.0649;0.0883;0.89;698522000.0;0.0;5;2070.55;142.22;0.0687;0.0
BTWR11;Escritórios;105.49;0.0766;0.0759;0.89;85369900.0;3.0;1;4254.07;476.93;0.1121;0.08
BTYU11;Outros;9.13;0.1481;0.1421;0.9;273900000.0;6134.0;0;0.0;0.0;0.0;0.0
BVAR11;Varejo;1260.89;0.0394;0.0599;1.62;788737000.0;32.0;43;5428.88;359.61;0.0662;0.20190000000000002
CACR11;Multicategoria;79.16;0.1551;0.1984;0.83;382843000.0;2065320.0;0;0.0;0.0;0.0;0.0
CARE11;Multicategoria;5.21;0.0027;0.0;0.75;187592000.0;7525.0;1;0.0;0.0;0.0;0.0
CBOP11;Escritórios;39.76;0.0383;0.0429;0.55;56260400.0;14655.0;1;3324.11;324.97;0.0978;0.23199999999999998
CCME11;Multicategoria;8.87;0.1216;0.1143;0.84;601360000.0;293108.0;1;6508.64;571.13;0.08779999999999999;0.2798
CCRF11;Títulos e Val. Mob.;92.5;0.0716;0.0;0.95;145401000.0;0.0;0;0.0;0.0;0.0;0.0
CCVA11;Hospital;100.07;0.0676;0.0681;0.97;62816300.0;0.0;1;2112.4;275.98;0.1306;0.0225
CEOC11;Escritórios;43.37;0.13119999999999998;0.1294;0.64;78746700.0;36258.0;1;0.0;770.13;0.0;0.0
CFHI11;Multicategoria;20.1;0.5895;0.37079999999999996;0.76;1901460.0;0.0;4;0.0;0.0;0.0;0.0
CFII11;Multicategoria;768.97;0.0151;0.2611;1.06;97135500.0;60.0;9;16282.2;879.23;0.054000000000000006;0.0
CJCT11;Escritórios;63.66;0.042300000000000004;0.0436;0.86;199892000.0;344953.0;1;10414.8;780.92;0.075;0.301
CLIN11;Outros;92.07;0.13419999999999999;0.13140000000000002;0.94;400206000.0;1045590.0;0;0.0;0.0;0.0;0.0
CNES11;Escritórios;1.55;0.0565;0.0478;0.24;52909000.0;117365.0;1;163.63;36.34;0.22210000000000002;0.547
COPP11;Outros;103.0;0.0499;0.0;0.94;290462000.0;0.0;3;5.42;0.25;0.0463;0.18
CORM11;Outros;81.0;0.045700000000000005;0.0;0.85;87581800.0;0.0;3;7193.96;755.12;0.105;0.0
CPFF11;Títulos e Val. Mob.;69.9;0.1807;0.0;1.12;75470800.0;0.0;0;0.0;0.0;0.0;0.0
CPLG11;Logística;11.87;-0.0012;0.1186;1.1;516850000.0;11275500.0;2;15.1;0.0;0.0;0.0
CPOF11;Outros;109.8;0.0462;0.055099999999999996;1.03;524010000.0;21678300.0;4;4.48;0.27;0.061;0.03
CPSH11;Shoppings;10.62;0.051100000000000007;0.1201;0.93;846412000.0;8859900.0;8;553.66;71.9;0.12990000000000002;0.0
CPTR11;Outros;8.55;1.1152;0.0768;0.87;169501000.0;344299.0;0;0.0;0.0;0.0;0.0
CPTS11;Outros;8.12;0.056799999999999996;0.12689999999999999;0.88;2827760000.0;8669500.0;0;0.0;0.0;0.0;0.0
CPUR11;Multicategoria;10.3;0.0867;0.10640000000000001;1.05;698605000.0;597034.0;14;8719.61;548.41;0.0629;0.0070999999999999995
CRAA11;Títulos e Val. Mob.;104.15;0.0775;0.0616;1.02;246818000.0;936752.0;0;0.0;0.0;0.0;0.0
CRFF11;Multicategoria;76.0;0.0929;0.1047;0.87;52443000.0;12237.0;0;0.0;0.0;0.0;0.0
CTXT11;Escritórios;5.5;-0.2082;0.0;0.31;29617000.0;979.0;1;637.24;5.64;0.0088;1.0
CVBI11;Outros;82.78;0.1459;0.1435;0.89;911427000.0;3128870.0;0;0.0;0.0;0.0;0.0
CXAG11;Varejo;76.62;0.11810000000000001;0.1173;0.69;160183000.0;191145.0;31;2786.78;365.53;0.13119999999999998;0.0
CXCE11;Escritórios;42.73;0.1335;0.12710000000000002;0.68;73194400.0;24608.0;1;3436.17;498.88;0.1452;0.0
CXCI11;Multicategoria;73.5;0.1303;0.1257;0.83;151243000.0;101821.0;0;0.0;0.0;0.0;0.0
CXCO11;Multicategoria;72.18;0.1257;0.1207;0.76;283270000.0;158906.0;10;3030.68;423.22;0.1396;0.0
CXRI11;Multicategoria;67.13;0.10619999999999999;0.11449999999999999;0.77;105781000.0;23567.0;0;0.0;0.0;0.0;0.0
CXTL11;Logística;340.0;0.046799999999999994;0.0298;0.82;18223000.0;4893.0;1;2565.32;500.73;0.19519999999999998;0.0
DAMA11;Multicategoria;6.74;0.1369;0.1429;0.81;37319600.0;7862.0;0;0.0;0.0;0.0;0.0
DAMT11;Shoppings;12.76;0.073;0.07400000000000001;0.88;226870000.0;203.0;2;1257.7;139.55;0.111;0.0329
DAYM11;Outros;4.1;0.08259999999999999;0.058499999999999996;0.41;70113800.0;8456.0;6;3199.62;666.45;0.20829999999999999;0.096
DCRA11;Outros;7.45;0.1902;0.07769999999999999;0.77;50204800.0;103378.0;0;0.0;0.0;0.0;0.0
DEVA11;Multicategoria;24.28;0.19190000000000002;0.185;0.25;341010000.0;919865.0;0;0.0;0.0;0.0;0.0
DMAC11;Residencial;13.0;-7.585;0.0;2.61;2029400.0;0.0;0;0.0;0.0;0.0;0.0
DOMC11;Multicategoria;439.0;0.0078000000000000005;0.0;4.13;1072830000.0;0.0;2;25593.6;364.83;0.0143;0.133
DOVL11;Escritórios;650.35;0.1332;0.1297;1.12;43187100.0;0.0;2;2438.84;603.18;0.2473;0.0
DPRO11;Multicategoria;5.9;0.12140000000000001;0.1175;0.63;29519000.0;1313.0;1;1754.19;260.42;0.1485;0.0
DRIT11;Lajes Corporativas;8.68;0.6970000000000001;0.017;0.06;4021240.0;0.0;5;400.14;474.83;1.1867;0.0
DVFF11;Outros;5.83;0.1364;0.1322;0.66;64185400.0;93980.0;0;0.0;0.0;0.0;0.0
EDFO11;Residencial;120.0;0.1059;0.0902;0.56;28320000.0;22333.0;1;79446.8;12228.57;0.1539;1.0005
EDGA11;Multicategoria;14.7;0.0366;0.0336;0.33;56037200.0;15784.0;1;2183.07;297.35;0.1362;0.2438
EDGE11;Multicategoria;1071.8;0.1283;0.06860000000000001;0.89;12255000.0;27.0;0;0.0;0.0;0.0;0.0
EGAF11;Títulos e Val. Mob.;97.47;0.12990000000000002;0.0739;0.98;305268000.0;873960.0;0;0.0;0.0;0.0;0.0
EIRA11;Multicategoria;104.5;0.0969;0.1125;0.99;20951200.0;1797.0;0;0.0;0.0;0.0;0.0
ELDO11B;Shoppings;1104.31;0.11109999999999999;0.0446;0.61;869375000.0;0.0;1;10664.0;1402.32;0.1315;0.0049
EMET11;Multicategoria;10.22;0.048499999999999995;0.1152;1.04;51100000.0;89907.0;0;0.0;0.0;0.0;0.0
EQIN11;Multicategoria;7.29;0.1531;0.0;0.81;122098000.0;0.0;0;0.0;0.0;0.0;0.0
EQIR11;Multicategoria;8.56;0.1349;0.1389;0.89;93383700.0;126620.0;0;0.0;0.0;0.0;0.0
ERCR11;Residencial;76000.0;-0.0026;0.0;6.61;180576000.0;0.0;0;0.0;0.0;0.0;0.0
ERPA11;Multicategoria;126.1;0.0642;0.0889;0.76;63166300.0;6537.0;1;18699.9;1374.95;0.0735;0.0
EURO11;Logística;336.03;0.0736;0.0719;0.85;129014000.0;41163.0;7;1090.36;94.44;0.0866;0.0
EVBI11;Multicategoria;9.5;0.0493;0.0559;0.97;546231000.0;0.0;11;6565.94;343.08;0.052300000000000006;0.0049
EXES11;Multicategoria;9.42;0.1005;0.1632;0.95;132836000.0;138977.0;0;0.0;0.0;0.0;0.0
FAED11;Outros;152.86;0.1309;0.13119999999999998;0.69;105837000.0;96799.0;4;0.0;317.12;0.0;0.0
FAMB11;Residencial;1050.0;-0.0301;0.0;1.06;128665000.0;41857.0;1;2117.92;76.44;0.0361;0.9801000000000001
FATN11;Multicategoria;86.69;0.04650000000000001;0.0629;0.9;505354000.0;2124030.0;56;29367.7;2564.26;0.0873;0.0393
FCFL11;Multicategoria;125.98;0.0863;0.0855;1.03;437656000.0;204026.0;1;14263.7;1258.3;0.0882;0.0
FEXC11;Outros;83.5;0.0131;0.0;8.44;8310020000.0;0.0;0;0.0;0.0;0.0;0.0
FFCI11;Escritórios;182.03;0.0363;0.0;0.9;671817000.0;0.0;9;17089.9;1216.83;0.0712;0.0649
FGAA11;Outros;9.16;0.14429999999999998;0.1245;0.97;412946000.0;1184740.0;0;0.0;0.0;0.0;0.0
FIGS11;Shoppings;50.86;0.1054;0.1103;0.72;144951000.0;253732.0;2;2202.74;235.59;0.107;0.0506
FIIB11;Logística;460.0;0.10060000000000001;0.0934;0.78;315100000.0;1024430.0;11;572.45;64.0;0.1118;0.011000000000000001
FIIP11;Logística;137.2;0.12890000000000001;0.1213;0.69;127207000.0;642000.0;7;1817.33;265.87;0.1463;0.0
FISC11;Escritórios;62.65;0.0943;0.1047;0.56;106505000.0;1659.0;4;8513.86;1031.88;0.12119999999999999;0.04190000000000001
FISD11;Títulos e Val. Mob.;203.32;-0.21059999999999998;0.0;3.41;218079000.0;0.0;1;0.0;0.0;0.0;0.0
FIXX11;Outros;94.1;0.0143;0.0;7.15;1764010000.0;102934.0;0;0.0;0.0;0.0;0.0
FLCR11;Outros;95.0;0.1839;0.1388;1.0;71425200.0;216354.0;0;0.0;0.0;0.0;0.0
FLFL11;Escritórios;100.0;0.0693;0.0;0.73;345426000.0;0.0;1;31150.9;2391.66;0.0768;0.2913
FLMA11;Escritórios;158.5;0.08289999999999999;0.0815;0.63;218836000.0;55527.0;1;19185.9;2026.76;0.1056;0.0
FLRP11;Shoppings;20.99;0.0891;0.0888;0.99;158744000.0;22776.0;1;3101.24;297.84;0.096;0.0165
FMOF11;Escritórios;38.0;0.0919;0.19;0.82;19304300.0;3934.0;1;0.0;257.82;0.0;0.0417
FPAB11;Escritórios;209.01;0.0649;0.09519999999999999;0.58;156758000.0;14697.0;2;4264.63;386.54;0.0906;0.19
FPNG11;Multicategoria;465.05;0.0126;0.0102;2.18;1415360000.0;23.0;8;138455.0;3127.01;0.0226;0.0229
FRBR11;Multicategoria;103.71;0.09230000000000001;0.0;1.08;1324330000.0;0.0;0;0.0;0.0;0.0;0.0
FTCA11;Outros;9.57;0.1707;0.0805;0.9;42681700.0;107838.0;0;0.0;0.0;0.0;0.0
FTCE11;Multicategoria;2894.66;-0.1209;0.0197;1.0;3835220000.0;0.0;84;22005.9;745.98;0.0339;0.33759999999999996
FVBI11;Lajes Corporativas;159.71;0.0;0.0;0.0;0.0;0.0;1;0.0;636.95;0.0;0.0
FVPQ11;Shoppings;67.0;0.0842;0.0767;0.71;187610000.0;99402.0;1;3150.59;461.37;0.1464;0.1039
FYTO11;Multicategoria;8.44;0.1449;0.1431;0.85;128975000.0;174409.0;0;0.0;0.0;0.0;0.0
FZDA11;Outros;120.52;0.035;0.0329;0.66;186806000.0;5496.0;6;2.13;0.09;0.042300000000000004;0.0
FZDB11;Outros;146.84;0.027200000000000002;0.0277;0.82;528624000.0;3179.0;40;3.77;0.13;0.0334;0.0
GALG11;Multicategoria;9.08;0.0799;0.0;0.98;1338920000.0;0.0;4;327.63;27.64;0.08439999999999999;0.0
GAME11;Outros;9.1;0.049800000000000004;0.1244;0.93;258678000.0;153923.0;0;0.0;0.0;0.0;0.0
GARE11;Multicategoria;8.41;0.036699999999999997;0.1173;0.88;2432060000.0;18541700.0;3;188.46;27.09;0.1437;0.0
GCFF11;Títulos e Val. Mob.;69.3;0.1204;0.0;0.89;24981100.0;0.0;0;0.0;0.0;0.0;0.0
GCOI11;Residencial;72.87;-0.07200000000000001;0.3667;0.99;8234310.0;692.0;0;0.0;0.0;0.0;0.0
GCRA11;Multicategoria;55.7;0.1282;0.0753;0.65;97523200.0;220050.0;0;0.0;0.0;0.0;0.0
GCRI11;Multicategoria;68.49;0.1265;0.1454;0.76;99574800.0;205747.0;1;0.0;0.0;0.0;0.0
GESE11B;Outros;1520.0;0.1139;0.0;1.36;79040000.0;0.0;1;0.0;725.37;0.0;0.0
GFDL11;Logística;111.84;-0.0036;0.0014000000000000002;1.14;28511000.0;19937.0;0;0.0;0.0;0.0;0.0
GGRC11;Multicategoria;10.22;0.0697;0.1167;0.91;2189630000.0;9603450.0;41;2225.29;237.34;0.1067;0.0
GLCR11;Multicategoria;100.07;0.087;0.0858;0.99;36036200.0;3010.0;0;0.0;0.0;0.0;0.0
GLOG11;Logística;71.0;0.0705;0.0703;0.65;53250000.0;298622.0;1;740.91;73.32;0.099;0.0
GLPF11;Logística;105.67;0.0928;0.1007;1.03;159033000.0;62445.0;0;0.0;0.0;0.0;0.0
GRLV11;Logística;145.5;0.0572;0.0;24.38;156199000.0;0.0;1;0.0;183.0;0.0;0.0369
GRUL11;Logística;8.73;0.136;0.12560000000000002;0.91;215631000.0;323777.0;1;3601.65;512.2;0.1422;0.0
GRWA11;Outros;7.99;0.1217;0.057800000000000004;0.79;22040300.0;12702.0;0;0.0;0.0;0.0;0.0
GSFI11;Shoppings;11.0;0.0;0.0;0.87;1057170000.0;13966400.0;0;0.0;0.0;0.0;0.0
GTLG11;Logística;63.99;0.1375;0.0;0.7;459000000.0;0.0;5;2714.27;318.12;0.11720000000000001;0.0169
GTWR11;Escritórios;85.44;0.1258;0.12269999999999999;0.84;1025280000.0;838653.0;3;6161.41;801.81;0.1301;0.0
GURB11;Shoppings;108.0;0.10460000000000001;0.0;0.94;122597000.0;0.0;2;21746.7;2369.56;0.109;0.09699999999999999
GWIR11;Shoppings;175.99;0.027999999999999997;0.0;0.74;67231200.0;0.0;0;0.0;0.0;0.0421;0.0
GZIT11;Multicategoria;45.43;0.11710000000000001;0.2134;0.5;992247000.0;939785.0;4;9839.42;1375.05;0.13970000000000002;0.0342
HAAA11;Escritórios;58.45;0.0471;0.022000000000000002;0.9;201945000.0;4842.0;2;16679.0;1163.02;0.0697;0.171
HABT11;Multicategoria;76.37;0.1484;0.15810000000000002;0.8;620642000.0;1369970.0;0;0.0;0.0;0.0;0.0
HBCR11;Multicategoria;135.1;0.0562;0.09960000000000001;1.15;216160000.0;839148.0;3;1794.07;207.09;0.11539999999999999;0.0
HBRH11;Multicategoria;90.8;0.0463;0.0;0.81;256345000.0;0.0;5;8349.82;606.9;0.0727;0.028300000000000002
HBTT11;Títulos e Val. Mob.;1055.0;0.0653;0.0;1.19;190126000.0;0.0;0;0.0;0.0;0.0;0.0
HCHG11;Outros;80.25;0.09949999999999999;0.0977;0.9;96300000.0;54503.0;0;0.0;0.0;0.0;0.0
HCRI11;Hospital;293.75;0.33590000000000003;0.1697;1.06;58750000.0;35471.0;1;0.0;2185.59;0.0;0.0
HCTR11;Multicategoria;21.2;0.1761;0.17079999999999998;0.2;468185000.0;1099840.0;0;0.0;0.0;0.0;0.0
HDEL11;Logística;100.05;0.2861;0.2473;1.12;84042000.0;6928.0;1;0.0;311.17;0.0;0.0
HFOF11;Multicategoria;6.82;0.1024;0.0987;0.86;1539850000.0;2480910.0;0;0.0;0.0;0.0;0.0
HGAG11;Outros;11.1;0.0583;0.146;0.47;2755600.0;456.0;0;0.0;0.0;0.0;0.0
HGBL11;Logística;9.23;0.0964;0.09539999999999998;0.99;242396000.0;336572.0;1;1758.3;169.2;0.0962;0.0
HGBS11;Shoppings;20.45;0.0801;0.0907;0.99;2640770000.0;3987260.0;17;4472.3;416.55;0.0931;0.038900000000000004
HGCR11;Outros;95.62;0.1229;0.1266;0.97;1474280000.0;3928910.0;0;0.0;0.0;0.0;0.0
HGFF11;Outros;62.38;0.1446;0.09939999999999999;0.77;178631000.0;0.0;0;0.0;0.0;0.0;0.0
HGIC11;Multicategoria;60.72;0.057;0.15109999999999998;0.55;28095600.0;5411.0;2;1361.86;0.0;0.0;0.0
HGJH11;Escritórios;191.29;0.0955;0.0;0.55;335342000.0;0.0;2;26273.6;2781.84;0.1059;0.0342
HGLG11;Multicategoria;157.91;0.06509999999999999;0.083;0.95;6696120000.0;14191900.0;28;4012.09;287.79;0.0717;0.0291
HGPO11;Escritórios;149.81;-0.0074;0.0;0.99;262625000.0;167735.0;0;0.0;0.0;0.0;0.0
HGRE11;Escritórios;129.81;0.0696;0.0956;0.88;1534060000.0;2859280.0;13;8389.56;782.46;0.0933;0.16899999999999998
HGRU11;Outros;128.89;0.07780000000000001;0.095;1.0;2995150000.0;6217950.0;100;4656.67;435.65;0.09359999999999999;0.008100000000000001
HILG11;Logística;186.81;-0.018799999999999997;0.3201;0.71;98309500.0;0.0;1;32.33;57.05;1.7647;0.0
HIRE11;Outros;100.36;0.0;0.0158;1.0;275017000.0;6412.0;4;11416.8;0.0;0.0;0.0
HJCT11;Escritórios;115.0;0.0068000000000000005;0.0275;1.29;113994000.0;8091.0;1;14677.9;38.29;0.0026;0.08
HLOG11;Logística;9.26;0.08710000000000001;0.0947;0.77;393550000.0;52443.0;3;2022.65;233.44;0.11539999999999999;0.0131
HMOC11;Shoppings;226.95;0.0217;0.0;0.95;86698800.0;0.0;0;0.0;0.0;0.0327;0.0
HOFC11;Escritórios;31.98;-0.0391;0.0;0.55;120852000.0;398435.0;2;1951.6;498.0;0.2552;0.5184000000000001
HOSI11;Residencial;82.0;0.0346;0.0669;0.68;47022900.0;5901.0;0;0.0;0.0;0.0;0.0
HPDP11;Shoppings;92.82;0.07339999999999999;0.07919999999999999;0.96;305192000.0;746624.0;1;2262.69;170.42;0.0753;0.0066
HRDF11;Multicategoria;3.61;0.0058;0.0;0.41;5477900.0;9358.0;0;0.0;0.0;0.0;0.0
HREC11;Multicategoria;8.31;0.11800000000000001;0.1209;0.94;429510000.0;314081.0;0;0.0;0.0;0.0;0.0
HRES11;Multicategoria;145.45;0.2565;0.2621;1.15;68105800.0;0.0;0;0.0;0.0;0.0;0.0
HSAF11;Outros;80.44;0.1394;0.1399;0.9;203220000.0;1405530.0;0;0.0;0.0;0.0;0.0
HSLG11;Logística;93.85;0.09519999999999999;0.0866;0.85;1188150000.0;817831.0;6;1883.4;172.42;0.0915;0.0
HSML11;Shoppings;93.95;0.0672;0.08560000000000001;0.9;2003950000.0;4594240.0;14;7699.68;752.24;0.0977;0.8659
HSRE11;Outros;102.0;0.0636;0.105;1.16;907670000.0;18472.0;22;7740.32;656.82;0.0849;0.0
HTMX11;Hotel;136.63;0.078;0.1107;0.91;394600000.0;625588.0;20;7175.74;609.2;0.0849;0.0
HUCG11;Hospital;96.62;0.0404;0.058600000000000006;0.75;108408000.0;1905.0;2;3781.69;217.66;0.0576;0.0
HUSC11;Hospital;96.01;0.10890000000000001;0.0978;0.64;81687300.0;269.0;1;1082.65;134.45;0.1242;0.0
HUSI11;Hospital;1220.0;0.09;0.08779999999999999;0.98;141962000.0;31.0;1;6918.05;656.2;0.0949;0.0
HYPI11;Multicategoria;181.5;-0.0302;0.6415000000000001;61.08;237094000.0;0.0;0;0.0;0.0;0.0;0.0
IAAG11;Outros;8.36;0.15869999999999998;0.1282;0.85;87396900.0;272563.0;0;0.0;0.0;0.0;0.0
IAGR11;Multicategoria;4.33;0.0004;0.0042;0.7;12115100.0;10455.0;0;0.0;0.0;0.0;0.0
IBBP11;Logística;8.2;0.0867;0.1052;0.82;435238000.0;40849.0;22;1277.7;123.56;0.0967;0.0022
IBCR11;Outros;52.26;0.1116;0.17309999999999998;0.58;50087200.0;292903.0;0;0.0;0.0;0.0;0.0
IBFF11;Títulos e Val. Mob.;66.4;0.0828;0.0;0.93;44267600.0;0.0;0;0.0;0.0;0.0;0.0
ICNE11;Residencial;769.63;0.1867;0.0951;1.16;92355600.0;0.0;0;0.0;0.0;0.0;0.0
ICRI11;Outros;95.5;0.1316;0.1242;0.94;368378000.0;1342300.0;0;0.0;0.0;0.0;0.0
IDFI11;Títulos e Val. Mob.;2.0;0.1641;0.0;0.46;4115850.0;0.0;2;0.0;0.0;0.0;0.0
IDGR11;Híbrido;1.5;-0.1505;0.0;0.0;1325040.0;0.0;0;0.0;0.0;0.0;0.0
IFID11;Outros;80.06;0.0766;0.0;1.25;59897000.0;0.0;0;0.0;0.0;0.0;0.0
IFIE11;Outros;71.98;0.1286;0.0;1.04;64817600.0;0.0;0;0.0;0.0;0.0;0.0
INLG11;Logística;75.05;0.1244;0.1157;0.71;338633000.0;258844.0;5;2838.99;375.13;0.1321;0.0084
INRD11;Residencial;76.02;0.1038;0.10060000000000001;0.64;85909100.0;34732.0;5;3255.79;481.56;0.1479;0.016200000000000003
IRDM11;Outros;58.5;0.16469999999999999;0.1291;0.74;2202080000.0;0.0;0;0.0;0.0;0.0;0.0
IRIM11;Multicategoria;64.31;0.0064;0.1485;0.77;2265380000.0;5918610.0;0;0.0;0.0;0.0;0.0
ISCJ11;Outros;50.71;0.18489999999999998;0.21719999999999998;0.3;9515730.0;0.0;0;0.0;0.0;0.0;0.0
ITIP11;Outros;65.76;0.025699999999999997;0.13369999999999999;0.94;49198400.0;59055.0;0;0.0;0.0;0.0;0.0
ITIT11;Outros;72.91;0.0731;0.10039999999999999;0.9;65655000.0;103466.0;0;0.0;0.0;0.0;0.0
ITRI11;Outros;88.34;0.11320000000000001;0.1157;0.91;552125000.0;1811470.0;0;0.0;0.0;0.0;0.0
JASC11;Varejo;100.0;0.0737;0.0803;0.87;385119000.0;3924.0;17;4293.6;388.73;0.09050000000000001;0.0078000000000000005
JBFO11;Títulos e Val. Mob.;82.01;0.0902;0.0;1.04;104897000.0;0.0;0;0.0;0.0;0.0;0.0
JCCJ11;Shoppings;158.0;0.0323;0.054900000000000004;0.81;773202000.0;19188.0;1;2968.84;0.0;0.0;1.0
JCIN11;Shoppings;148.9;0.0638;0.0361;0.82;196208000.0;0.0;0;0.0;0.0;0.0;0.0
JFLL11;Multicategoria;60.0;0.0874;0.0877;0.64;90035900.0;72260.0;1;17654.2;2182.27;0.12359999999999999;0.2787
JGPX11;Outros;70.8;0.17489999999999997;0.059699999999999996;0.74;151600000.0;425181.0;0;0.0;0.0;0.0;0.0
JPPA11;Multicategoria;85.46;0.152;0.1497;0.85;77260100.0;112546.0;0;0.0;0.0;0.0;0.0
JPPC11;Multicategoria;141.1;-0.0252;0.1509;2.31;7760500.0;0.0;0;0.0;0.0;0.0;0.0
JRDM11;Shoppings;85.9;0.0797;0.0;0.96;216723000.0;0.0;1;7394.68;671.49;0.0908;0.011899999999999999
JSAF11;Multicategoria;7.9;0.1177;0.1288;0.84;612434000.0;1980120.0;0;0.0;0.0;0.0;0.0
JSCR11;Multicategoria;8.42;0.1373;0.1338;0.89;186394000.0;470949.0;0;0.0;0.0;0.0;0.0
JSRE11;Multicategoria;67.28;0.09300000000000001;0.0849;0.65;1397230000.0;3082950.0;6;9935.01;1156.08;0.1164;0.0178
KCRE11;Multicategoria;8.78;0.1557;0.1305;0.93;316080000.0;543278.0;0;0.0;0.0;0.0;0.0
KDOL11;Multicategoria;92.35;-0.0074;0.029500000000000002;0.94;61965200.0;110245.0;0;0.0;0.0;0.0;0.0
KEVE11;Residencial;639.98;0.2183;0.3679;1.59;94525700.0;3837.0;1;0.0;0.0;0.0;0.0
KFEN11;Multicategoria;1100.0;0.060899999999999996;0.1065;1.16;196516000.0;0.0;0;0.0;0.0;0.0;0.0
KFOF11;Multicategoria;82.69;0.1186;0.1119;0.88;580034000.0;1349410.0;0;0.0;0.0;0.0;0.0
KINP11;Residencial;9.82;0.0;0.0;0.0;0.0;0.0;1;0.0;0.0;0.0;0.0
KISU11;Outros;7.16;0.121;0.11689999999999999;0.85;316444000.0;644188.0;0;0.0;0.0;0.0;0.0
KIVO11;Outros;66.07;0.1681;0.1703;0.77;146856000.0;362816.0;0;0.0;0.0;0.0;0.0
KNCA11;Títulos e Val. Mob.;95.9;0.11539999999999999;0.0421;0.93;2071430000.0;3754080.0;0;0.0;0.0;0.0;0.0
KNCR11;Multicategoria;104.67;0.1035;0.1375;1.02;10624900000.0;20759400.0;0;0.0;0.0;0.0;0.0
KNHF11;Multicategoria;97.88;0.127;0.1197;0.97;1924640000.0;4419260.0;8;22341.4;1641.06;0.0735;0.0062
KNHY11;Multicategoria;98.35;0.1313;0.1131;0.99;3065870000.0;4070870.0;0;0.0;0.0;0.0;0.0
KNIP11;Multicategoria;91.55;0.1209;0.1047;0.98;7331160000.0;9309440.0;0;0.0;0.0;0.0;0.0
KNRE11;Residencial;0.33;0.018000000000000002;0.0172;0.52;6120560.0;2152.0;0;0.0;0.0;0.0;0.0
KNRI11;Multicategoria;166.01;0.0713;0.0731;1.01;4682150000.0;6727720.0;19;5565.71;416.77;0.07490000000000001;0.0009
KNSC11;Multicategoria;8.71;0.1492;0.1282;0.99;1761180000.0;6347340.0;0;0.0;0.0;0.0;0.0
KNUQ11;Multicategoria;104.32;0.1131;0.1467;1.03;2241290000.0;5160230.0;0;0.0;0.0;0.0;0.0
KOPA11;Títulos e Val. Mob.;588.9;0.20120000000000002;0.1003;0.6;208869000.0;300830.0;0;0.0;0.0;0.0;0.0
KORE11;Outros;74.46;0.2054;0.1808;0.7;716678000.0;3775090.0;4;11713.2;1929.62;0.16469999999999999;0.0069
LAFI11;Outros;118.06;0.09210000000000002;0.09960000000000001;1.03;91058100.0;805.0;3;9.04;0.88;0.09759999999999999;0.0
LASC11;Shoppings;114.99;0.1175;0.1474;0.87;338105000.0;6706310.0;2;13717.0;1125.06;0.08199999999999999;0.0236
LATR11B;Residencial;9.51;-0.1636;0.0;0.9;1180230.0;0.0;0;0.0;0.0;0.0;0.0
LFTT11;Residencial;2.1;-1.558;0.0;0.05;1396500.0;0.0;51;3.99;0.0;0.0;0.9845999999999999
LGCP11;Logística;82.95;0.1125;0.0521;0.82;374279000.0;0.0;5;3097.83;375.13;0.1211;0.0084
LIFE11;Residencial;8.76;0.1344;0.16190000000000002;0.88;348311000.0;1038950.0;0;0.0;0.0;0.0;0.0
LKDV11;Multicategoria;1081.93;0.012199999999999999;0.0;0.98;72284800.0;0.0;1;18854.7;401.01;0.0213;1.0002
LLAO11;Multicategoria;57.2;-0.0784;0.0;1.11;20657200.0;0.0;9;8224.27;0.0;0.0;0.0
LMAI11;Multicategoria;37.0;0.0733;0.1448;0.34;195362000.0;84546.0;2;2080.79;472.69;0.22719999999999999;0.133
LOFT11B;Residencial;29.9;-0.0089;0.0;309.52;58678800.0;0.0;2;0.0;0.96;0.0;0.9994
LPLP11;Residencial;304.39;0.19469999999999998;0.5978;0.97;226005000.0;1189.0;0;0.0;0.0;0.0;0.0
LRDI11;Multicategoria;198.0;0.5399;0.1625;48.49;28780500.0;2031.0;0;0.0;0.0;0.0;0.0
LSAG11;Títulos e Val. Mob.;83.0;0.1481;0.0218;0.84;83774700.0;142947.0;0;0.0;0.0;0.0;0.0
LSOI11;Residencial;12.02;-0.0092;0.0;0.91;64490700.0;100000.0;0;0.0;0.0;0.0;0.0
LSOP11;Multicategoria;10.35;-0.0006;0.011000000000000001;1.05;65155700.0;59250.0;0;0.0;0.0;0.0;0.0
LSPA11;Outros;24.01;1.7519999999999998;0.0;1.15;9712040.0;0.0;0;0.0;0.0;0.0;0.0
LTMT11;Multicategoria;98.36;-0.0147;0.0;1.05;15393400.0;0.0;0;0.0;0.0;0.0;0.0
LUGG11;Residencial;72.82;0.11939999999999999;0.047599999999999996;0.62;82338000.0;0.0;5;3133.26;529.29;0.1689;0.0331
LVBI11;Logística;110.52;0.0818;0.0808;0.92;1781420000.0;4153600.0;9;3143.61;292.67;0.0931;0.1134
MALL11;Shoppings;100.03;0.1422;0.0891;0.83;1398630000.0;1520130.0;11;4650.86;755.88;0.1625;0.0364
MANA11;Outros;9.13;0.1103;0.2791;0.97;342705000.0;1397210.0;0;0.0;0.0;0.0;0.0
MATV11;Títulos e Val. Mob.;86.63;0.1142;0.0;0.92;36901600.0;0.0;0;0.0;0.0;0.0;0.0
MAXR11;Multicategoria;63.31;0.053200000000000004;0.0647;0.68;71265200.0;202947.0;7;1096.39;96.88;0.08839999999999999;0.1152
MBRF11;Outros;679.0;0.0463;0.0;0.98;69029900.0;0.0;2;3833.27;140.42;0.0366;0.8198000000000001
MCCI11;Multicategoria;95.81;0.1121;0.1186;1.0;1624940000.0;5765470.0;0;0.0;0.0;0.0;0.0
MCEM11;Outros;62.95;-0.0064;0.0964;1.81;208685000.0;54066.0;0;0.0;0.0;0.0;0.0
MCHF11;Títulos e Val. Mob.;9.05;0.1176;0.0;0.87;292806000.0;0.0;3;0.0;0.0;0.0;0.0
MCHY11;Multicategoria;8.58;0.1116;0.09789999999999999;0.86;957519000.0;0.0;1;1583.25;53.06;0.0335;0.35850000000000004
MCLO11;Logística;10.01;0.0924;0.1085;0.73;1247680000.0;1178360.0;4;1962.95;179.68;0.0915;0.0
MCRE11;Multicategoria;9.63;0.1027;0.1352;0.93;1074700000.0;3942200.0;1;234.69;115.31;0.4913;0.11630000000000001
MFAI11;Híbrido;69.98;0.0;0.0;0.0;0.0;0.0;0;0.0;0.0;0.0;0.0
MFCR11;Híbrido;24.6;0.0;0.0;0.0;0.0;0.0;0;0.0;0.0;0.0;0.0
MFII11;Multicategoria;74.23;0.0472;0.17149999999999999;0.76;504764000.0;1859300.0;3;8156.37;0.0;0.0;0.0
MGCR11;Títulos e Val. Mob.;9.4;0.11109999999999999;0.0;0.96;126115000.0;0.0;0;0.0;0.0;0.0;0.0
MGFF11;Títulos e Val. Mob.;69.99;0.0;0.0;0.0;0.0;0.0;0;0.0;0.0;0.0;0.0
MGHT11;Hotel;14.84;-0.1076;0.0;0.64;19496600.0;9164.0;1;0.0;0.0;0.0;0.0
MGIM11;Híbrido;101.5;-0.023799999999999998;0.0;1.03;25101000.0;0.0;0;0.0;0.0;0.0;0.0
MGLG11;Logística;40.99;0.0582;0.0;0.91;103703000.0;0.0;6;3132.38;75.43;0.0241;0.0872
MINT11;Outros;96.5;0.1323;0.0;0.99;50180000.0;0.0;3;0.0;532.36;0.0;0.0
MMPD11;Multicategoria;110.61;0.12480000000000001;0.1485;0.99;58678300.0;0.0;0;0.0;0.0;0.0;0.0
MORC11;Títulos e Val. Mob.;89.87;0.12369999999999999;0.0;0.92;171455000.0;0.0;0;0.0;0.0;0.0;0.0
MORE11;Títulos e Val. Mob.;76.21;0.0604;0.0;0.88;176740000.0;0.0;0;0.0;0.0;0.0;0.0
MXRF11;Logística;9.69;0.1058;0.1324;1.02;4460010000.0;17970100.0;0;0.0;0.0;0.0;0.0
NAUI11;Multicategoria;1100.0;0.0021;0.0;1.99;56908500.0;0.0;0;0.0;0.0;0.0;0.0
NAVT11;Outros;78.88;0.12179999999999999;0.12050000000000001;0.87;48296800.0;60168.0;0;0.0;0.0;0.0;0.0
NCHB11B;Multicategoria;7.97;0.1542;0.1484;0.82;121793000.0;7729.0;0;0.0;0.0;0.0;0.0
NCRA11;Outros;7.7;0.2121;0.15439999999999998;0.73;34341600.0;63185.0;0;0.0;0.0;0.0;0.0
NCRI11;Outros;9.12;0.1387;0.1346;0.91;36024000.0;18682.0;0;0.0;0.0;0.0;0.0
NEWL11;Multicategoria;117.41;0.124;0.0981;0.9;329945000.0;3473130.0;3;3517.26;353.45;0.1005;0.0
NEWU11;Multicategoria;100.0;0.0354;0.0254;1.22;74200000.0;10805.0;2;5297.57;972.24;0.18350000000000002;0.4536
NEXG11;Outros;131.0;0.035699999999999996;0.0305;1.31;91503500.0;331124.0;0;0.0;0.0;0.0;0.0
NPAR11;Outros;12.82;2.1332;0.0;0.7;1533140.0;0.0;0;0.0;0.0;0.0;0.0
NSLU11;Hospital;191.0;0.1383;0.1305;1.1;247018000.0;148813.0;2;10042.7;1124.92;0.11199999999999999;0.0
NVHO11;Hospital;11.99;0.0913;0.09570000000000001;0.72;497519000.0;12543.0;4;16274.5;1535.72;0.0944;0.0
OBAL11;Residencial;1095.0;-0.43170000000000003;0.1606;0.78;154701000.0;0.0;5;41905.0;0.0;0.0;0.0
OCRE11;Multicategoria;78.0;0.0971;0.0872;0.49;32992900.0;21650.0;0;0.0;0.0;0.0;0.0
OGHY11;Títulos e Val. Mob.;8.72;0.0732;0.0;0.92;23678100.0;0.0;0;0.0;0.0;0.0;0.0
OIAG11;Outros;9.12;0.0931;0.07519999999999999;0.93;82381000.0;169333.0;0;0.0;0.0;0.0;0.0
ONDA11;Outros;9.23;0.0169;0.0919;0.77;77147600.0;10024.0;0;0.0;0.0;0.0;0.0
ONDV11;Outros;9.77;0.0814;0.059699999999999996;0.82;9863960.0;5007.0;0;0.0;0.0;0.0;0.0
ONEF11;Lajes Corporativas;200.03;0.0608;0.0;1.09;182227000.0;0.0;0;0.0;0.0;0.0;0.0
ORPD11;Multicategoria;93.0;0.0;0.0;0.66;26970000.0;0.0;0;0.0;0.0;0.0;0.0
OUCY11;Híbrido;88.5;0.0;0.0;0.0;0.0;0.0;8;0.0;161.02;0.0;0.0
OUFF11;Títulos e Val. Mob.;61.1;0.0;0.0;0.0;0.0;0.0;0;0.0;0.0;0.0;0.0
OUJP11;Multicategoria;83.92;0.158;0.1514;0.83;272940000.0;566979.0;0;0.0;0.0;0.0;0.0
OULG11;Logística;24.04;0.1685;0.0068000000000000005;0.85;59650100.0;0.0;0;0.0;0.0;0.0;0.0
OURE11;Híbrido;78.2;0.0;0.0;0.0;0.0;0.0;8;0.0;161.02;0.0;0.0
OXRL11;Multicategoria;126.42;-0.0052;0.028999999999999998;0.98;24385400.0;36365.0;1;38831.6;753.86;0.0194;0.0
PATA11;Outros;9.45;0.1268;0.19940000000000002;0.93;16084000.0;22028.0;0;0.0;0.0;0.0;0.0
PATC11;Outros;38.9;0.0264;0.0236;1.13;135272000.0;44303.0;4;17416.0;868.22;0.0499;0.3468
PATL11;Logística;67.0;0.106;0.1048;0.75;334433000.0;1030170.0;4;2138.08;275.72;0.129;0.0271
PCIP11;Outros;87.62;0.10490000000000001;0.13119999999999998;0.94;1490570000.0;4710470.0;0;0.0;0.0;0.0;0.0
PDBM11;Outros;115.0;0.0814;0.1215;1.01;39100000.0;0.0;1;4415.31;425.41;0.09630000000000001;1.0
PDDA11B;Logística;106.5;0.038;0.0;3.76;264257000.0;0.0;0;0.0;0.0;0.0;0.0
PEMA11;Multicategoria;38.0;0.2305;0.2384;0.66;20976000.0;620.0;0;0.0;0.0;0.0;0.0
PLAG11;Outros;62.9;0.0917;0.0925;0.94;342971000.0;6180420.0;12;1475.7;236.88;0.1605;0.0
PLCA11;Títulos e Val. Mob.;79.0;0.1937;0.024700000000000003;0.83;44004500.0;95902.0;0;0.0;0.0;0.0;0.0
PLCR11;Outros;79.1;0.1276;0.0676;0.95;166835000.0;0.0;0;0.0;0.0;0.0;0.0
PLOG11;Logística;66.71;0.1454;0.0;0.62;50032500.0;0.0;1;696.98;130.27;0.1869;0.0
PLRI11;Multicategoria;6.48;0.018000000000000002;0.038;0.45;6183890.0;2213.0;0;0.0;0.0;0.0;0.0
PMFO11;Outros;91.37;0.1148;0.1099;0.99;89168600.0;23089.0;0;0.0;0.0;0.0;0.0
PMIS11;Outros;8.11;0.1457;0.1387;0.86;120054000.0;209336.0;0;0.0;0.0;0.0;0.0
PMLL11;Shoppings;106.48;0.1285;0.0984;0.9;1488810000.0;6806450.0;11;3811.15;537.95;0.1412;0.0366
PMRL11;Multicategoria;102.44;0.005600000000000001;0.005600000000000001;1.19;40378100.0;216898.0;1;795963.0;0.0;0.0;0.0
PNCR11;Residencial;46.76;-0.0040999999999999995;0.1096;1.01;23380000.0;0.0;0;0.0;0.0;0.0;0.0
PNDL11;Multicategoria;1200.0;-0.0014000000000000002;0.0;1.19;173198000.0;0.0;0;0.0;0.0;0.0;0.0
PNPR11;Multicategoria;48.0;-0.0483;0.0;1.32;43095200.0;0.0;0;0.0;0.0;0.0;0.0
PNRC11;Multicategoria;61.0;0.0315;0.0809;5.96;25016100.0;0.0;2;21502.7;0.0;0.0;0.0
PORD11;Multicategoria;8.4;0.13849999999999998;0.1362;0.88;313183000.0;919687.0;0;0.0;0.0;0.0;0.0
PQAG11;Logística;56.05;0.10210000000000001;0.1008;1.01;784245000.0;5156.0;1;12137.5;1240.41;0.10220000000000001;0.0
PQDP11;Shoppings;2324.99;0.0006;0.0993;91.24;45205000000.0;825989.0;1;661097.0;233.66;0.0004;0.0066
PRSN11;Multicategoria;7.0;-0.013500000000000002;0.0115;2.68;22618700.0;290.0;1;560846.0;0.0;0.0;0.0
PRSV11;Escritórios;32.24;-0.332;0.0;0.28;8356640.0;10357.0;1;835.13;0.0;0.0;1.0
PSEC11;Outros;62.51;0.08560000000000001;0.1305;0.82;1150150000.0;3035580.0;0;0.0;0.0;0.0;0.0
PULV11;Outros;8.82;0.11720000000000001;0.08439999999999999;0.88;105842000.0;0.0;0;0.0;0.0;0.0;0.0
PURB11;Shoppings;95.1;0.1188;0.0;0.82;107954000.0;0.0;2;19149.1;2369.56;0.12369999999999999;0.09699999999999999
PVBI11;Escritórios;79.35;0.0713;0.0708;0.74;2152770000.0;6553640.0;7;23702.1;2042.45;0.0862;0.1151
QAGR11;Outros;41.0;0.1319;0.1294;0.68;206640000.0;149034.0;12;1432.53;217.65;0.1519;0.0
QAMI11;Títulos e Val. Mob.;84.68;0.24530000000000002;0.0;0.91;67862400.0;0.0;0;0.0;0.0;0.0;0.0
QIFF11;Títulos e Val. Mob.;97.49;0.07629999999999999;0.0;1.09;14623500.0;0.0;0;0.0;0.0;0.0;0.0
QIRI11;Títulos e Val. Mob.;78.04;0.0953;0.0;0.87;11706000.0;0.0;0;0.0;0.0;0.0;0.0
QMFF11;Títulos e Val. Mob.;98.52;0.0755;0.0;1.1;14778000.0;0.0;0;0.0;0.0;0.0;0.0
RBBV11;Títulos e Val. Mob.;100.0;0.06509999999999999;0.0;0.99;125416000.0;0.0;0;0.0;0.0;0.0;0.0
RBCO11;Escritórios;44.0;0.1233;0.0839;0.49;166276000.0;144616.0;4;3812.31;614.84;0.1613;0.0
RBDS11;Residencial;1.81;-0.847;0.0;0.1;229007.0;205.0;0;0.0;0.0;0.0;0.0
RBED11;Outros;94.03;0.1589;0.0;0.0;221443000.0;0.0;0;0.0;0.0;0.0;0.0
RBFF11;Outros;10.65;0.1268;0.10400000000000001;0.81;199646000.0;122151.0;0;0.0;0.0;0.0;0.0
RBFM11;Outros;11.28;0.1197;0.018799999999999997;0.86;211456000.0;225255.0;0;0.0;0.0;0.0;0.0
RBFY11;Residencial;75.0;0.0072;0.0102;0.79;72738500.0;414016.0;1;40703.7;620.76;0.015300000000000001;0.1565
RBGS11;Shoppings;28.45;0.033;0.0;0.31;30669100.0;0.0;1;1051.57;52.68;0.0501;0.11939999999999999
RBHG11;Outros;68.8;0.109;0.1382;0.79;149155000.0;276026.0;0;0.0;0.0;0.0;0.0
RBHY11;Outros;79.68;0.10859999999999999;0.1562;0.86;150874000.0;353437.0;0;0.0;0.0;0.0;0.0
RBIR11;Residencial;89.15;0.14800000000000002;0.1398;1.03;136276000.0;271400.0;1;45236.1;0.0;0.0;0.0
RBIV11;Outros;83.7;0.0992;0.0;0.97;181458000.0;0.0;0;0.0;0.0;0.0;0.0
RBLG11;Logística;58.04;0.08;0.0501;0.88;37157100.0;148.0;1;0.0;29.73;0.0;0.0
RBOP11;Outros;215.0;-0.0924;0.0708;0.29;21857800.0;14291.0;2;1199.4;192.01;0.16010000000000002;0.7192000000000001
RBRD11;Multicategoria;40.03;0.1705;0.1586;0.62;74127000.0;137044.0;4;2708.64;486.23;0.1795;0.1402
RBRF11;Outros;6.65;0.1775;0.0819;0.78;909771000.0;0.0;0;0.0;0.0;0.0;0.0
RBRI11;Multicategoria;649.0;0.3188;0.0593;1.34;90642600.0;86279.0;0;0.0;0.0;0.0;0.0
RBRL11;Logística;91.52;0.078;0.0977;0.89;611997000.0;1206640.0;0;0.0;0.0;0.0;0.0
RBRM11;Títulos e Val. Mob.;160000.0;-0.08410000000000001;0.0;8.16;86240000.0;0.0;0;0.0;0.0;0.0;0.0
RBRP11;Outros;52.75;0.0776;0.0902;0.64;642452000.0;3874190.0;6;9760.23;842.28;0.0863;0.1565
RBRR11;Multicategoria;85.8;0.08650000000000001;0.121;0.92;1398560000.0;6967150.0;3;0.0;0.0;0.0;0.0
RBRS11;Residencial;47.87;0.0387;0.051399999999999994;0.5;36594300.0;138571.0;2;9612.27;1532.54;0.1594;0.3036
RBRX11;Multicategoria;8.78;0.0362;0.12;0.89;1284990000.0;5060140.0;1;10222.1;0.0;0.0;0.0
RBRY11;Multicategoria;97.57;0.106;0.1419;0.98;1245920000.0;5797340.0;0;0.0;0.0;0.0;0.0
RBTS11;Multicategoria;302.02;0.044500000000000005;0.0417;1.08;17071700.0;347.0;0;0.0;0.0;0.0;0.0
RBVA11;Varejo;9.88;0.0697;0.1082;0.92;1542690000.0;2251440.0;74;5023.1;614.47;0.1223;0.059699999999999996
RBVO11;Lajes Corporativas;5.33;0.0;0.0;0.0;0.0;0.0;0;0.0;0.0;0.0;0.0
RCFF11;Outros;90.0;0.045599999999999995;0.042699999999999995;0.91;29088000.0;11.0;0;0.0;0.0;0.0;0.0
RCRB11;Escritórios;141.09;0.0487;0.0732;0.71;520720000.0;1232830.0;9;13103.0;1269.36;0.0969;0.0095
RCRI11;Outros;103.02;0.0553;0.0739;0.99;43489300.0;110509.0;0;0.0;0.0;0.0;0.0
RDES11;Multicategoria;58.0;0.0254;0.0;0.75;43036000.0;0.0;3;3089.11;431.09;0.1396;0.4702
RDIV11;Multicategoria;86.0;0.1003;0.005699999999999999;1.02;225643000.0;0.0;0;0.0;0.0;0.0;0.0
RDLI11;Logística;99.0;-0.0226;0.38409999999999994;0.9;190495000.0;4260.0;0;0.0;0.0;0.0;0.0
RDPD11;Multicategoria;22.96;0.0447;0.0;2.23;172391000.0;0.0;0;0.0;0.0;0.0;0.0
RECD11;Outros;6.8;0.1747;0.12990000000000002;0.99;37085700.0;1932.0;0;0.0;0.0;0.0;0.0
RECM11;Multicategoria;8.5;0.14029999999999998;0.1589;0.92;71404400.0;96610.0;0;0.0;0.0;0.0;0.0
RECR11;Multicategoria;80.1;0.1412;0.1361;0.9;2117980000.0;3480830.0;1;5774.06;0.0;0.0;1.0
RECT11;Multicategoria;39.1;0.1027;0.1213;0.44;334051000.0;685403.0;9;3766.39;772.19;0.205;0.071
RECX11;Títulos e Val. Mob.;67.99;0.10800000000000001;0.0;0.94;14843100.0;0.0;0;0.0;0.0;0.0;0.0
REIT11;Outros;99.27;0.1026;0.09140000000000001;0.33;2609910.0;94.0;0;0.0;0.0;0.0;0.0
RELG11;Multicategoria;64.99;0.1008;0.1396;0.76;86733200.0;130216.0;0;0.0;0.0;0.0;0.0
RENV11;Multicategoria;6.9;0.0475;0.0825;0.48;7084880.0;10650.0;0;0.0;0.0;0.0;0.0
RFOF11;Outros;64.49;0.1401;0.12480000000000001;0.88;49477200.0;0.0;0;0.0;0.0;0.0;0.0
RINV11;Outros;110.16;0.0998;0.1162;1.0;432605000.0;716079.0;0;0.0;0.0;0.0;0.0
RMAI11;Multicategoria;39.99;0.08109999999999999;0.1444;0.36;202894000.0;30797.0;2;2241.25;542.0;0.2418;0.133
RMBS11;Multicategoria;8.25;0.0092;0.025;0.86;20923700.0;44151.0;0;0.0;0.0;0.0;0.0
RNDP11;Títulos e Val. Mob.;40.5;0.0721;0.0;0.72;4352980.0;0.0;0;0.0;0.0;0.0;0.0
RNGO11;Escritórios;51.0;0.0812;0.0825;0.61;136476000.0;71968.0;4;2381.22;329.29;0.1383;0.11630000000000001
ROOF11;Multicategoria;350.0;-0.1558;0.0;1.17;27123200.0;0.0;32;1262.59;0.0;0.0;0.0
RPRI11;Outros;84.97;0.1439;0.1434;0.85;294993000.0;567998.0;0;0.0;0.0;0.0;0.0
RRCI11;Outros;80.25;0.1195;0.1261;0.99;38661000.0;218182.0;0;0.0;0.0;0.0;0.0
RSPD11;Residencial;800.0;0.1709;0.11779999999999999;1.02;119209000.0;255072.0;1;58101.0;0.0;0.0;0.0
RURA11;Títulos e Val. Mob.;9.06;0.1184;0.0383;0.89;1450500000.0;3001690.0;0;0.0;0.0;0.0;0.0
RVBI11;Outros;59.9;0.1305;0.141;0.81;615533000.0;931734.0;0;0.0;0.0;0.0;0.0
RZAG11;Títulos e Val. Mob.;9.1;0.18309999999999998;0.048;0.95;619168000.0;2585430.0;0;0.0;0.0;0.0;0.0
RZAK11;Multicategoria;85.93;0.1277;0.1559;0.97;756862000.0;1865980.0;0;0.0;0.0;0.0;0.0
RZAT11;Multicategoria;91.81;0.1286;0.13019999999999998;0.91;388819000.0;665992.0;10;1104.66;173.97;0.1575;0.0
RZDM11;Híbrido;550.16;0.1974;0.0;4.15;88025600.0;0.0;4;61028.8;0.0;0.0;0.0
RZEO11;Outros;190.0;-0.0029;0.0235;0.94;599056000.0;0.0;36;946.6;208.45;0.2202;0.0
RZLC11;Outros;1003.55;0.047400000000000005;0.1441;1.01;161801000.0;958325.0;0;0.0;0.0;0.0;0.0
RZTR11;Outros;96.25;0.0949;0.1253;1.03;1814480000.0;3675390.0;29;3.17;0.24;0.075;0.0
RZZI11;Logística;1000.0;0.011899999999999999;0.0173;0.76;111541000.0;0.0;1;0.0;60.85;0.0;0.4571
RZZR11;Logística;136.0;0.09570000000000001;0.1047;0.77;756585000.0;39615.0;10;3.41;0.37;0.1096;0.0004
RZZV11;Logística;1050.0;0.0638;0.08650000000000001;0.88;182217000.0;0.0;1;827.34;77.14;0.0932;0.0891
SADI11;Multicategoria;8.62;0.1429;0.10039999999999999;0.99;133497000.0;0.0;0;0.0;0.0;0.0;0.0
SAIC11;Escritórios;34.04;-0.0358;0.0;0.67;48668300.0;0.0;1;4473.63;72.29;0.016200000000000003;1.0
SAPI11;Multicategoria;9.22;0.0785;0.1537;0.92;272574000.0;292717.0;0;0.0;0.0;0.0;0.0
SARE11;Multicategoria;4.75;0.0617;0.0218;0.94;438631000.0;0.0;2;0.0;180.38;0.0;0.39189999999999997
SCPF11;Shoppings;3.1;0.11230000000000001;0.0058;0.31;13020000.0;3389.0;1;2719.77;733.91;0.2698;0.2366
SDIL11;Logística;96.5;0.054400000000000004;0.0;1.0;746822000.0;0.0;6;1965.97;251.82;0.1281;0.0
SDIP11;Outros;88.0;0.019799999999999998;0.0;0.89;371533000.0;0.0;5;11069.0;1012.66;0.0915;0.0
SEED11;Multicategoria;100.0;0.1023;0.1149;1.11;164000000.0;0.0;0;0.0;0.0;0.0;0.0
SEQR11;Logística;54.0;0.1308;0.1278;0.56;89947500.0;54315.0;4;2190.81;368.18;0.1681;0.0
SHDP11B;Shoppings;1210.05;0.0842;0.299;1.14;1439630000.0;0.0;1;6534.67;1125.61;0.1723;0.0271
SHOP11;Shoppings;55.0;-0.018600000000000002;0.0;1.76;135212000.0;0.0;1;5677.52;345.7;0.060899999999999996;0.1268
SHPH11;Shoppings;935.0;0.0902;0.0863;0.9;569368000.0;46941.0;1;16253.0;1350.46;0.08310000000000001;0.0055000000000000005
SHPP11;Multicategoria;9.95;0.0889;0.061500000000000006;0.98;434815000.0;654.0;0;0.0;0.0;0.013600000000000001;0.0
SIGR11;Outros;99.9;0.030899999999999997;0.0128;1.03;200302000.0;0.0;0;0.0;0.0;0.0;0.0
SJAU11;Logística;0.69;-0.27949999999999997;0.0;0.46;5473250.0;7624.0;0;0.0;0.0;0.0;0.0
SMRE11;Multicategoria;65.71;0.2867;0.18420000000000003;0.62;65569200.0;274584.0;0;0.0;0.0;0.0;0.0
SNAG11;Multicategoria;10.75;0.11259999999999999;0.0664;1.04;652959000.0;2878890.0;3;136.78;12.16;0.0889;0.0
SNCI11;Outros;89.9;0.1144;0.1318;0.91;377580000.0;966196.0;0;0.0;0.0;0.0;0.0
SNCR11;Multicategoria;97.8;0.133;0.0;1.02;472992000.0;0.0;0;0.0;0.0;0.0;0.0
SNEL11;Outros;8.58;0.030299999999999997;0.1382;1.05;949464000.0;4025630.0;1;0.0;0.0;0.3369;0.0
SNFF11;Outros;72.72;0.0922;0.13390000000000002;0.83;292381000.0;715116.0;0;0.0;0.0;0.0;0.0
SNFZ11;Multicategoria;9.76;0.073;0.0536;0.97;60535800.0;342447.0;2;108809.0;1010.62;0.009300000000000001;0.0
SNLG11;Logística;1.24;0.5381;0.008;2.42;3137160.0;31390.0;0;0.0;0.0;0.0;0.0
SNME11;Multicategoria;9.65;0.1023;0.1502;1.01;71586000.0;346009.0;0;0.0;0.0;0.0;0.0
SOFF11;Outros;107.0;-0.0038;0.0263;1.04;196335000.0;2251.0;0;0.0;0.0;0.0;0.0
SOLR11;Escritórios;1051.35;-0.0334;0.0;1.14;68899200.0;0.0;1;8531.47;0.0;0.0;0.0
SPDE11;Residencial;1266.67;0.1009;0.0833;0.75;115774000.0;0.0;0;0.0;0.0;0.0;0.0
SPG211;Logística;11.14;0.0129;0.0217;0.87;70955200.0;558.0;3;937.5;27.5;0.029300000000000003;0.0
SPMO11;Multicategoria;122.0;-0.0017000000000000001;0.0;0.95;221345000.0;5984.0;0;0.0;0.0;0.0;0.0
SPTW11;Outros;40.95;0.18100000000000002;0.12869999999999998;0.76;73628100.0;96046.0;1;5082.08;993.8;0.1956;0.0
SPXS11;Multicategoria;8.55;0.1207;0.1412;0.9;172616000.0;601283.0;0;0.0;0.0;0.0;0.0
SRVD11;Multicategoria;3.0;-0.0001;0.0;18.16;288858000.0;0.0;0;0.0;0.0;0.0;0.0
STRX11;Shoppings;141.96;0.0788;0.0776;0.93;229061000.0;0.0;2;4356.21;354.99;0.0815;0.0499
TBOF11;Lajes Corporativas;101.5;-0.0011;0.0;486.34;1020080000.0;0.0;1;0.0;0.0;0.0;0.1537
TELM11;Multicategoria;9.99;0.081;0.15130000000000002;1.01;30974000.0;14470.0;3;385.99;5.2;0.013500000000000002;0.0074
TEPP11;Outros;9.05;0.0663;0.1107;0.95;449033000.0;2787660.0;5;4017.58;277.22;0.069;0.0169
TGAR11;Multicategoria;78.54;0.1188;0.1438;0.69;1851030000.0;9008230.0;4;114.84;13.96;0.1216;0.0
THRA11;Lajes Corporativas;138.5;0.0296;0.0;14.52;203973000.0;0.0;0;0.0;0.0;0.0;0.0
TJKB11;Hospital;255.99;0.09880000000000001;0.13570000000000002;0.89;298138000.0;86195.0;9;8179.0;908.74;0.11109999999999999;0.0
TMPS11;Outros;86.8;0.1099;0.1152;0.89;84974400.0;296668.0;0;0.0;0.0;0.0;0.0
TOPP11;Outros;74.85;0.13720000000000002;0.133;0.7;338939000.0;721361.0;2;37257.1;3317.76;0.0891;0.0172
TORD11;Multicategoria;1.63;0.0895;0.0915;0.04;9522350.0;35697.0;0;0.0;0.0;0.0;0.0
TOUR11;Residencial;8.8;0.0;0.0;0.0;0.0;0.0;3;0.0;0.0;0.0;0.0
TRBL11;Logística;78.35;0.0512;0.09140000000000001;0.95;606358000.0;1189310.0;6;1908.78;147.42;0.07719999999999999;0.5015999999999999
TRCO11;Multicategoria;10.2;0.0012;0.0012;1.02;36720000.0;127500.0;1;37955.5;271.04;0.0070999999999999995;0.0
TRNT11;Escritórios;105.0;0.0702;0.0;0.64;413234000.0;38868.0;1;6624.4;668.19;0.1009;0.28
TRXB11;Multicategoria;182.96;0.0443;0.1492;1.8;743919000.0;4904690.0;11;3050.86;300.97;0.0987;0.0
TRXF11;Multicategoria;91.99;0.051699999999999996;0.12689999999999999;0.91;5743000000.0;27867000.0;96;2580.39;111.93;0.0434;0.0
TRXL11;Multicategoria;103.38;0.0675;0.0;1.0;4471100000.0;0.0;30;3406.27;182.66;0.0536;0.028900000000000002
TRXY11;Multicategoria;9.41;0.1015;0.1386;1.0;150280000.0;87847.0;0;0.0;0.0;0.0;0.0
TSER11;Escritórios;97.0;0.1182;0.1376;1.0;144094000.0;0.0;1;2786.87;259.49;0.0931;0.0
TSNC11;Multicategoria;80.8;0.0127;0.0;1.02;87811800.0;14.0;1;7054.27;0.0;0.0;1.0
TVRI11;Escritórios;99.81;0.10369999999999999;0.124;0.96;1588940000.0;1116300.0;58;3956.45;514.21;0.13;0.0287
UBSR11;Multicategoria;102.5;0.10460000000000001;0.0;1.14;2710270000.0;0.0;1;52387.3;0.0;0.0;1.0002
URHF11;Multicategoria;73.03;0.1405;0.1917;0.76;8063750.0;11009.0;0;0.0;0.0;0.0;0.0
URPR11;Outros;37.0;0.1396;0.1427;0.36;434154000.0;833721.0;0;0.0;0.0;0.0;0.0
VCJR11;Outros;79.58;0.1272;0.1411;0.84;1171730000.0;2471480.0;0;0.0;0.0;0.0;0.0
VCRA11;Títulos e Val. Mob.;64.7;0.20329999999999998;0.045700000000000005;0.63;297227000.0;599953.0;0;0.0;0.0;0.0;0.0
VCRI11;Outros;7.43;0.1333;0.1487;0.78;152639000.0;207327.0;0;0.0;0.0;0.0;0.0
VCRR11;Logística;62.95;0.0788;0.09140000000000001;0.6;125900000.0;236370.0;4;10888.9;2807.08;0.25780000000000003;0.20920000000000002
VERE11;Multicategoria;445.76;0.0815;0.0964;0.84;285245000.0;0.0;3;2847.38;345.22;0.12119999999999999;0.2837
VGHF11;Outros;7.06;0.0947;0.13720000000000002;0.81;1162940000.0;3162200.0;0;0.0;0.0;0.0;0.0
VGIA11;Outros;9.96;0.1079;0.0783;1.03;861093000.0;2211690.0;0;0.0;0.0;0.0;0.0
VGII11;Multicategoria;73.5;0.1259;0.0437;1.01;38136600.0;2.0;0;0.0;0.0;0.0;0.0
VGIP11;Multicategoria;82.0;0.1157;0.135;0.9;966554000.0;2520830.0;0;0.0;0.0;0.0;0.0
VGIR11;Multicategoria;9.81;0.1448;0.1518;1.0;1433250000.0;6002300.0;0;0.0;0.0;0.0;0.0
VGRI11;Outros;8.13;0.1409;0.1743;0.93;284727000.0;806659.0;5;5322.3;932.62;0.1752;0.2659
VHFA11;Outros;10.38;0.1398;0.08130000000000001;1.03;98405100.0;316.0;0;0.0;0.0;0.0;0.0
VIFI11;Títulos e Val. Mob.;7.53;0.1166;0.0;0.94;60911600.0;0.0;0;0.0;0.0;0.0;0.0
VILG11;Logística;99.24;0.081;0.08689999999999999;0.88;1488340000.0;3421880.0;12;2608.23;374.51;0.1436;0.0121
VINO11;Multicategoria;5.49;0.105;0.1117;0.55;454716000.0;992134.0;9;7335.24;1095.09;0.1493;0.1025
VISC11;Shoppings;110.01;0.0873;0.08789999999999999;0.93;3171440000.0;7431670.0;31;2903.88;278.98;0.09609999999999999;0.0
VIUR11;Outros;5.71;0.1416;0.1545;0.73;153863000.0;483067.0;1;87647.9;71952.69;0.8209000000000001;0.0
VJFD11;Outros;148.01;0.0736;0.073;0.87;721716000.0;67.0;39;761.23;58.01;0.0762;0.0
VLOL11;Lajes Corporativas;98.0;0.0678;0.0;0.88;174913000.0;0.0;0;0.0;0.0;0.0;0.0
VOTS11;Multicategoria;84.47;0.1195;0.10490000000000001;0.9;69933800.0;2205.0;0;0.0;0.0;0.0;0.0
VPSI11;Shoppings;22.38;0.1316;0.1281;0.67;180649000.0;0.0;1;6043.79;804.23;0.1331;0.0
VRTA11;Outros;77.47;0.1343;0.1301;0.91;1207950000.0;1615140.0;0;0.0;0.0;0.0;0.0
VRTM11;Multicategoria;7.3;0.10710000000000001;0.1459;0.78;342890000.0;436854.0;30;2232.29;0.0;0.0;0.0
VSEC11;Títulos e Val. Mob.;0.21;7.0084;0.0;0.07;13174.0;0.0;0;0.0;0.0;0.0;0.0
VSHO11;Shoppings;76.39;0.10890000000000001;0.1069;0.67;160327000.0;20316.0;3;1826.16;379.05;0.2076;0.10099999999999999
VSLH11;Multicategoria;2.14;0.1804;0.1661;0.21;63909200.0;155052.0;0;0.0;0.0;0.0;0.0
VTLT11;Logística;88.98;0.1331;0.1491;0.98;188193000.0;0.0;1;0.0;109.76;0.0;0.0
VTPL11;Outros;65.9;0.2965;0.0463;0.55;91353300.0;0.0;1;1253.93;106.35;0.0848;0.0
VVCR11;Multicategoria;9.7;0.0424;0.1282;0.91;173735000.0;4848.0;0;0.0;0.0;0.0;0.0
VVMR11;Multicategoria;84.32;0.0077;0.018000000000000002;0.94;238051000.0;38861.0;5;6564.27;340.08;0.0518;0.028300000000000002
VVPR11;Híbrido;101.5;0.08990000000000001;0.0;1.04;234036000.0;0.0;6;5334.39;526.7;0.0987;0.0
VVRI11;Multicategoria;89.01;0.04019999999999999;0.0728;0.98;126072000.0;613.0;2;2773.18;278.51;0.10039999999999999;0.0
VXXV11;Outros;728.0;0.0012;0.0;1.41;347893000.0;439761.0;1;110.16;12.8;0.1162;0.9
WHGR11;Multicategoria;9.59;0.1232;0.11699999999999999;0.97;296450000.0;419050.0;1;6996.36;0.0;0.0;0.0
WPLZ11;Shoppings;51.0;0.0977;0.10039999999999999;0.94;60520800.0;2845.0;1;1689.63;172.21;0.10189999999999999;0.0867
WSEC11;Outros;1.41;0.6208;0.1048;0.96;3463680.0;0.0;0;0.0;0.0;0.0;0.0
WTSP11;Multicategoria;65.0;0.0587;0.0574;0.69;80507200.0;19118.0;1;6516.8;469.53;0.07200000000000001;0.0349
XLPR11;Outros;78.25;0.12300000000000001;0.11720000000000001;0.97;37697500.0;58794.0;0;0.0;0.0;0.0;0.0
XPCA11;Multicategoria;8.73;0.1167;0.0676;0.91;397416000.0;1079290.0;0;0.0;0.0;0.0;0.0
XPCI11;Outros;84.76;0.12179999999999999;0.1276;0.95;737544000.0;2741880.0;0;0.0;0.0;0.0;0.0
XPCM11;Escritórios;8.76;-0.0441;0.0;0.43;21151600.0;63531.0;1;1107.22;47.87;0.0432;0.5672
XPHT11;Hotel;123.0;0.030699999999999998;0.0;1.78;1133880000.0;0.0;14;19789.3;692.37;0.035;0.0
XPIN11;Logística;70.23;0.0967;0.1333;0.68;502174000.0;998206.0;81;1937.16;257.98;0.1332;0.0601
XPLG11;Logística;102.21;0.07400000000000001;0.0955;0.97;4090000000.0;6123010.0;23;3389.81;212.83;0.06280000000000001;0.0378
XPML11;Shoppings;110.15;0.0858;0.0993;0.99;6450370000.0;19731200.0;16;5035.68;543.74;0.10800000000000001;0.04
XPPR11;Escritórios;12.54;-0.062400000000000004;0.0;0.3;91744800.0;0.0;2;2552.01;422.04;0.1654;0.43939999999999996
XPSF11;Outros;6.76;0.1219;0.11410000000000001;0.83;292722000.0;864346.0;0;0.0;0.0;0.0;0.0
XTED11;Multicategoria;8.82;0.1139;0.0;0.58;87318000.0;0.0;4;3547.9;495.27;0.1396;0.0655
YCHY11;Multicategoria;1000.0;-0.0529;0.0;9.89;4235040000.0;0.0;12;12634.4;99.19;0.0079;0.0
YUFI11;Residencial;15.0;-0.023799999999999998;0.0108;0.33;7389750.0;0.0;11;288.89;136.04;0.47090000000000004;0.0
ZAGH11;Multicategoria;9.49;0.0702;0.0724;1.05;84381900.0;3408.0;1;2566.84;249.77;0.0973;0.0
ZAVC11;Outros;8.98;0.1542;0.1689;0.88;32170100.0;37960.0;0;0.0;0.0;0.0;0.0
ZAVI11;Multicategoria;9.64;0.1293;0.13699999999999998;0.71;113108000.0;80293.0;9;1536.1;205.74;0.13390000000000002;0.0083
ZIFI11;Outros;900.0;-0.0003;0.0;0.51;42736500.0;207.0;0;0.0;0.0;0.0;0.0
